,method,rmse,bias,comp_time
0,cf,2.5499114436884978,-0.3707228891198887,16.624838829040527
