,method,rmse,bias,comp_time
0,cf,1.7948232465259477,-0.9191503324089269,266.0792279243469
