,method,rmse,bias,comp_time
0,cf,11.438154800796292,7.730210095342521,1.327848196029663
