,method,rmse,bias,comp_time
0,cf,3.8744806939586445,0.6057499702172265,249.26293087005615
