,method,rmse,bias,comp_time
0,cf,1.8730371972054896,-1.2381043395112834,10.072638988494873
