,method,rmse,bias,comp_time
0,cf,1.6425593967666061,-0.3481768588087874,16.433057069778442
