,method,rmse,bias,comp_time
0,cf,3.334081175334547,-0.548294138940312,1.307943344116211
