,method,rmse,bias,comp_time
0,cf,0.6661509416819077,-0.1895417711547081,289.4599907398224
