,method,rmse,bias,comp_time
0,cf,2.516005065790546,0.32077222414288764,1.3468480110168457
