,method,rmse,bias,comp_time
0,cf,3.557160729163895,0.7187703254831785,13.210855960845947
