,method,rmse,bias,comp_time
0,dml,8.243930196020738,-3.537103339301949,0.3422536849975586
