,method,rmse,bias,comp_time
0,dml,0.7606754939293641,-0.09853559375597765,7.7637128829956055
