,method,rmse,bias,comp_time
0,dml,5.639953159611526,-3.024059799286349,0.3773000240325928
