,method,rmse,bias,comp_time
0,dml,1.5522722666163347,-1.4450952825220487,8.085540056228638
