,method,rmse,bias,comp_time
0,dml,2.7170054211087016,-0.3071793205763507,8.083971738815308
