,method,rmse,bias,comp_time
0,dml,2.7013900658135137,-0.8453482722669201,1.094740867614746
