,method,rmse,bias,comp_time
0,dml,1.5723912394407897,-0.9158597679217582,1.1277556419372559
