,method,rmse,bias,comp_time
0,dml,12.321538098830782,-8.14948745348445,0.36452317237854004
