,method,rmse,bias,comp_time
0,dml,2.046629345607112,-1.8213762793858066,0.994163990020752
