,method,rmse,bias,comp_time
0,dml,4.726972783442071,-4.494151284032382,0.7408220767974854
