,method,rmse,bias,comp_time
0,gan,12.452564433745815,0.8357876916825105,4.100931167602539
