,method,rmse,bias,comp_time
0,gan,23.069539333571427,12.33787137877706,3.3061399459838867
