,method,rmse,bias,comp_time
0,gan,14.267893357400414,13.015439969396466,3.208778142929077
