,method,rmse,bias,comp_time
0,gan,2.8899446717608006,2.12210102654916,4.189212322235107
