,method,rmse,bias,comp_time
0,gan,15.070275743136897,-13.97620694596063,1.2849647998809814
