,method,rmse,bias,comp_time
0,gan,13.608764878736794,12.543228138139181,3.5003790855407715
