,method,rmse,bias,comp_time
0,gan,12.438460162625042,11.418713258839661,4.025306940078735
