,method,rmse,bias,comp_time
0,gan,13.256048353247964,3.464829090557332,3.3986058235168457
