,method,rmse,bias,comp_time
0,gan,4.548365724192193,0.3567801903457397,3.4581081867218018
