,method,rmse,bias,comp_time
0,gan,3.1398561707955923,1.645623040611636,3.6492197513580322
