,method,rmse,bias,comp_time
0,gan,4.690378221351663,3.638966220940055,3.472083806991577
