,method,rmse,bias,comp_time
0,knn,17.14762331772204,-11.239549289621472,0.04428696632385254
