,method,rmse,bias,comp_time
0,knn,11.488058866089997,-10.461956217907291,0.03527188301086426
