,method,rmse,bias,comp_time
0,knn,23.0629209938726,-21.06341865036531,3.5099761486053467
