,method,rmse,bias,comp_time
0,knn,10.959784661989916,-10.642636333627568,3.803875207901001
