,method,rmse,bias,comp_time
0,knn,20.697503371928658,-19.740683759352848,2.806224822998047
