,method,rmse,bias,comp_time
0,knn,25.59314243194366,-23.549375018212185,0.052052974700927734
