,method,rmse,bias,comp_time
0,knn,10.824544080631776,-10.44953248793259,0.17381501197814941
