,method,rmse,bias,comp_time
0,knn,22.75545733023426,-21.79592395659496,3.8486270904541016
