,method,rmse,bias,comp_time
0,knn,21.005512190926236,-18.81931258940457,0.14784598350524902
