,method,rmse,bias,comp_time
0,knn,21.472620476320493,-20.65945961660934,0.17061495780944824
