,method,rmse,bias,comp_time
0,twfe,6.53894504111637,-1.4084881705650296,0.3052821159362793
1,knn,20.697503371928654,-19.740683759352848,2.806224822998047
2,dml,4.726972783442071,-4.494151284032382,0.8081727027893066
3,cf,1.8730371972054896,-1.2381043395112834,10.072638988494871
4,nn,7.104250814788899,1.7002096514057032,16.210286855697632
5,gan,3.1398561707955923,1.645623040611636,3.4211151599884038
