,method,rmse,bias,comp_time
0,nn,7.104250814788899,1.7002096514057032,16.210286855697632
