,method,rmse,bias,comp_time
0,nn,1.8411345582791374,-1.2070035795272065,270.192440032959
