,method,rmse,bias,comp_time
0,nn,2.4264306632228974,-2.197697139643617,237.67595100402832
