,method,rmse,bias,comp_time
0,nn,0.8284690968086894,0.5220948869489968,42.59302878379822
