,method,rmse,bias,comp_time
0,nn,10.384841625243796,-7.610350716236138,10.612552881240845
