,method,rmse,bias,comp_time
0,nn,2.592000239745697,-2.433006443009556,250.50491094589233
