,method,rmse,bias,comp_time
0,nn,4.602742718435268,3.057669151745076,46.071030139923096
