,method,rmse,bias,comp_time
0,nn,5.632924907555171,2.6177087957835483,17.039246082305908
