,method,rmse,bias,comp_time
0,nn,0.5574361161175522,0.13755919846385833,41.76882815361023
