,method,rmse,bias,comp_time
0,nn,3.165369151513981,0.0787640202997889,12.390005111694336
