delta,n,rmse,bias,comp_time
1,25,11.488058866089997,-10.461956217907291,0.0352718830108642
1,250,10.824544080631776,-10.44953248793259,0.1738150119781494
1,2500,10.959784661989916,-10.642636333627568,3.803875207901001
2,25,25.59314243194366,-23.549375018212185,0.0520529747009277
2,250,21.472620476320493,-20.65945961660934,0.1706149578094482
2,2500,22.75545733023426,-21.79592395659496,3.8486270904541016
3,25,17.14762331772204,-11.239549289621472,0.0442869663238525
3,250,21.00551219092624,-18.81931258940457,0.147845983505249
3,2500,23.0629209938726,-21.06341865036531,3.5099761486053467
