,method,rmse,bias,comp_time
0,twfe,3.1546811460978432,-0.11570847496837298,5.221404075622559
