,method,rmse,bias,comp_time
0,twfe,4.2281389944901555,-0.07375578370648178,0.1976790428161621
