,method,rmse,bias,comp_time
0,twfe,7.322553933873854,-1.0584928081009162,4.8652472496032715
