,method,rmse,bias,comp_time
0,twfe,3.342584683455684,-0.29779568141407836,0.8720419406890869
