,method,rmse,bias,comp_time
0,twfe,6.645501115456642,-0.2454761975477963,0.5543627738952637
