,method,rmse,bias,comp_time
0,twfe,10.890075695265889,-4.9741750020897415,0.09743475914001465
