,method,rmse,bias,comp_time
0,twfe,6.029682531499357,-0.6271306584732685,4.89112401008606
