,method,rmse,bias,comp_time
0,twfe,6.53894504111637,-1.4084881705650296,0.3213071823120117
