,method,rmse,bias,comp_time
0,twfe,5.597632359658043,-0.6288164868772174,0.4833180904388428
