,method,rmse,bias,comp_time
0,twfe,14.506092323979754,10.79114277071741,0.09584212303161621
